Random Forest,Logistic Regression,Naive Bayes
96.82105263157895,84.0842105263158,80.21052631578948
96.82105263157895,84.0842105263158,80.21052631578948
96.82105263157895,84.0842105263158,80.21052631578948
